Include,Name,Count,Subscriber Total,Last Post Date/Time (UTC),Description
1,languagelearning,46,149807286,2025-07-02 15:47:54,"A community for anybody interested in learning other languages. Whether you are just starting, a polyglot or a language nerd, this is the place for you!"
1,LearnANewLanguage,40,268680,2025-06-30 10:18:10,We are in the process of revitalizing this subreddit to help language learners.  Thank you for being a part of our community!
0,Korean,38,8811022,2025-07-02 11:16:27,"We're here to learn, study, and practice the Korean language."
0,Learn_Language,38,7828,2017-03-26 22:38:36,Learn a Language is a community focused on the best free and paid resources for language learning gradually and effectively. 
0,learnspanish,36,9829540,2025-06-30 17:37:05,"The subreddit for anyone interested in Spanish. If you have something to share or a question about the Spanish language, post and we'll help the best we can! Remember to provide enough context, read the sidebar/wiki, and use the search function."
0,language_exchange,30,5695350,2025-07-02 16:02:48,"Teach your language, learn a new one: Free language exchange worldwide."
0,languagelearningjerk,28,2508734,2025-07-02 15:32:21,how lern languge fast????
0,LearnSlovakLanguage,24,7536,2023-07-21 13:12:11,"This community is dedicated to learning the Slovak language, sharing experiences, and the legal learning materials.
Our website: http://learnslovak.website"
0,language,20,1100360,2025-07-02 14:30:12,
0,LanguageExchange,20,128880,2020-04-26 03:02:16,"We are consolidating at r/Language_Exchange, please post there instead"
1,ChineseLanguage,18,4761626,2025-07-02 15:01:30,"This is a community for people studying or teaching Chinese - or even if you're just interested in Chinese languages. Discussion of all Chinese languages/dialects is welcome!


Please post interesting links, language learning advice, or questions!"
0,LanguageTechnology,18,1023294,2025-07-02 12:53:39,"This sub will focus on theory, careers, and applications of NLP (Natural Language Processing), which includes anything from Regex & Text Analytics to Transformers & LLMs."
0,LanguageBuds,18,215100,2025-06-30 18:34:45,"As language learners we know how hard it is to be able to get a real insight of the language one is learning, so we created this new subreddit for people to help themselves learn languages."
0,languages,18,171090,2018-09-07 11:51:45,A subreddit for discussion language and language acquisition. **This has been merged with r/languagelearning and r/translator.**
0,LanguageTips2Mastery,18,37710,2025-06-30 19:53:20,"Welcome to LanguageTips2Mastery – your go-to sub for mastering any language. Share tips, ask questions, and explore all languages with fellow enthusiasts. Whether you're tackling tricky grammar, seeking resources, or just want to chat, join us on the journey to fluency!"
0,taiwan,10,7266746,2025-07-02 12:54:39,For those interested in Taiwan! Feel free to share content with the community.
0,ohtaigi,10,45630,2025-07-02 08:55:38,For people who are actively learning or want to start learning Taiwanese (台語). All levels of learner from true beginners through native speakers are welcome. Huan-gîng ta̍k-ke lâi tsò-hué o̍h Tâi-gí! (歡迎逐家來做伙學台語！)
1,Chinese,8,415182,2025-07-02 10:28:48,/r/Chinese - For Chinese culture enthusiasts to share and learn more about 中国文化 !  Come learn more about China!
0,LearnJapanese,6,4603608,2025-07-02 15:07:57,"Welcome to r/LearnJapanese, *the* hub on Reddit for learners of the Japanese Language."
1,China,6,3326548,2025-07-02 15:44:03,"A community for discussing China and topics related to it. All viewpoints and opinions are welcome here, but please read the rules in the sidebar before posting."
0,linguistics,6,2171886,2025-06-30 11:00:54,"This is a community for discussions related to topics and questions about linguistics, the scientific study of human language. For common questions, please refer to the FAQs below. For those looking to deepen their appreciation for linguistics, the reading list is a list of recommended texts on areas of linguistic and language research compiled by resident experts here at Reddit."
1,Cantonese,6,294550,2025-07-02 15:30:36,"你好! We are a community of learners, native speakers, and friends who share a passion for all things Cantonese. We are dedicated to share resources and promote the Cantonese language, cuisine, and culture! 呢度都歡迎用廣東話呀！


In the spirit of sharing and learning, please keep discussions civil and constructive. We have established some basic rules and they will be updated as needed. Comments and posts that fail to adhere to the rules will be removed. Repeat offenders may be banned."
0,cpop,6,80982,2025-07-01 19:13:37,Explore and share music produced by Chinese artists!
0,todayilearned,4,163835896,2025-07-02 16:08:25,"You learn something new every day; what did you learn today?
Submit interesting and specific facts about something that you just found out here."
0,HongKong,4,2680440,2025-07-02 15:54:17,"A Subreddit for all things Hong Kong. From Travel, food, events, to local news and politics. "
1,asianamerican,4,331356,2025-07-02 14:22:08,"/r/asianamerican is an Asian American and Pacific Islander (AAPI) focused subreddit. We welcome any folks from the Asian diaspora--not just American--as well as anyone who identifies with the label 'Asian,' regardless of immigration history. The goal is to offer a positive, affirming space to share experiences of being AAPI for anyone seeking this community. 

Memes, news, life advice, humor, and pop culture references are highly encouraged."
1,learnmandarin,4,44132,2025-06-28 21:24:55,"There are a number of other good subs on learning Chinese, so this sub will focus on one aspect of learning Chinese: Tools and Technology for learning Chinese.

Things like 

 *   HelloChinese
 *   Duolingo
 *  TofuLearn
 *  Skritter
 *   Anki

We are looking for Reviews, Recommendations. No ads for your own stuff! We want things that you actually use!

Other Subs for Mandarin:

*    /r/learnchinese
 *   /r/chineselanguage
 *   /r/chinese

So I'd like to focus this one on ways to learn Chinese."
1,MandarinChinese,4,23456,2020-02-11 08:07:58,"For people studying or teaching *Mandarin* - or just interested in the language. Please post interesting links, language learning advice, or questions about the Chinese language. **Please try avoid advertising in the main content of your post**. If you need a Chinese phrase translated try posting it here - perhaps someone can help. Please use English as your main language for posts and comments."
1,shanghainese,4,9180,2025-06-25 10:43:49,"Shanghainese (上海闲话) is a Chinese language spoken by around 14 million people in the city of Shanghai, China. It is part of Wu Chinese (吴语), a language group with nearly 80 million speakers mostly in Zhejiang, Shanghai and southern Jiangsu."
1,LearnCantonese,4,6304,2025-06-24 17:17:13,A subreddit for Cantonese learners.
1,hakka,4,6224,2025-06-16 11:29:06,"Welcome to /r/hakka, a place to learn about the Hakka culture and language. This sub is for people to share resources or to otherwise just discuss Hakka-related topics.

Discussion on any topic about the Hakka people, culture or language is welcome."
0,HongKongCinema,4,844,2025-04-24 16:12:25,"Dedicated to all things Hong Kong cinema related. 

Taiwanese, Chinese, Singaporean and all other Chinese language cinema discussions are welcome."
0,learnprogramming,2,8454120,2025-07-02 15:11:36,A subreddit for all questions related to programming in any language.
0,learntodraw,2,6017276,2025-07-02 15:28:15,"New to drawing? Let us help you learn how to get started!

Drawing is a skill, not a talent. It doesn't matter if you can draw or not, with practice you can be the best. We welcome you to our community. Learn with us, the future artists of reddit."
0,China_irl,2,650530,2025-07-02 16:11:47,"一个以相互尊重为基础、提倡求同存异的中文社区。我们欢迎大家友善地讨论历史、生物、科技、人文、地理、生活等各类话题。

A humble community built on mutual respect. Must use Chinese language. This is NOT a satire/meme sub."
0,Manhua,2,333744,2025-07-02 15:14:57,"The #1 place for manhua on reddit. Whether it be from mainland China, Taiwan, or Hong Kong, all Chinese comics are welcomed here. Discuss and share all your favorite manhua whether it be a physical comic, web manhua, webcomic, or webtoon, anything is welcomed."
0,learnfrench,2,314116,2025-07-02 15:01:45,✊🏿✊🏿✊🏿✊🏿✊🏿
0,Japaneselanguage,2,128366,2025-07-02 14:25:37,This is a subreddit for people learning the Japanese language. A Place where I Hope you can feel welcome and learn something!!!
1,learnchinese,2,24056,2024-10-02 13:42:30,
0,c_language,2,15022,2025-06-16 17:14:10,
1,LearningMandarin,2,1678,2020-07-06 22:18:11,"For people studying or teaching Chinese - or just interested in the language. Please post interesting links, language learning advice, or questions about the Chinese language (Need a Chinese phrase translated? Try posting it here - perhaps someone can help).
Please use English as your main language for posts and comments."
1,mandarin,2,1362,2024-08-10 14:43:41,This is a community for people studying or teaching Mandarin Chinese - or even if you're just interested in the Mandarin Chinese language!
0,CantonesePlus,2,486,2022-06-28 05:50:58,Collaborative online Cantonese dictionary project - the place to discuss dictionary content.
0,PhilippineHokkien,2,330,2022-08-04 07:48:49,"For anyone who is interested in the learning the Philippine variety of Hokkien. For beginners and Fluent speakers. From improving spoken conversation to learning written text. We try to learn everything about hokkien.


ta̍k-gê hó！hoan-gêng lín lâi o̍h Hui-lu̍t-pin lán-lâng-oē!

keywords: Ph Hokkien, fukien, fukkien, fookien, fookkien, lannang, lannangue,"
0,ChineseLanguageMemes,2,268,2023-11-27 16:46:00,Memes for Chinese language learners
1,LearnRealChinese,2,244,2024-05-09 04:41:25,"If you want to speak Mandarin with a
pure Beijing accent, please join this community!"
0,Ilha_Formosa,2,136,2023-11-03 22:07:03,"A community to learn about the various traditional & contemporary cultures in Taiwan; Hoklo, Hakka, Formosan, Japanese, Dutch, and Spanish."
0,LTL_School_Students,2,34,2025-01-28 08:55:45,"Learning East Asian languages with LTL Language School: Mandarin, Japanese, Korean and Vietnamese www.ltl-school.com"
0,LingoClass,2,32,2025-06-30 17:42:57,"Welcome to LingoClass – Your Hub for Asian Language & Culture!

LingoClass is the UK’s leading Asian language school, specializing in Mandarin, Cantonese, Japanese, and Korean, with a strong focus on adult learners. 

This community is for language enthusiasts to share experiences and discuss learning strategies. Whether you’re a beginner or advanced learner, join us to explore language tips, cultural insights, and discussions about Mandarin, Japanese, Korean, and Cantonese. 
LingoClass.co.uk"
1,LanguageChinese,2,22,2023-12-09 06:19:10,"This is a platform dedicated to learning Chinese, exploring Chinese culture, and sharing experiences. Whether you're a beginner, looking to improve your Chinese, or interested in Chinese culture, this is the ideal place for you."