Name,URL,Number of Subscribers,Focus Language,Learning Emphasis,Heritage Emphasis,Last Post Date/Time (UTC)
funny,https://www.reddit.com/r/funny/,65813468,Chinese,No,No,2024-12-31 04:18:09
AskReddit,https://www.reddit.com/r/AskReddit/,50146145,learning,No,No,2024-12-31 04:18:55
AskReddit,https://www.reddit.com/r/AskReddit/,50146141,Chinese,No,No,2024-12-31 04:18:55
worldnews,https://www.reddit.com/r/worldnews/,43448324,Chinese,No,No,2024-12-31 04:12:03
todayilearned,https://www.reddit.com/r/todayilearned/,39102635,Multiple,Yes,No,2024-12-31 03:56:43
todayilearned,https://www.reddit.com/r/todayilearned/,39102631,learning,Yes,No,2024-12-31 03:56:43
todayilearned,https://www.reddit.com/r/todayilearned/,39102630,Chinese,Yes,No,2024-12-31 03:56:43
memes,https://www.reddit.com/r/memes/,35193350,learning,No,No,2024-12-31 04:07:09
memes,https://www.reddit.com/r/memes/,35193349,Chinese,No,No,2024-12-31 04:07:09
Showerthoughts,https://www.reddit.com/r/Showerthoughts/,33562873,learning,No,No,2024-12-31 02:37:36
science,https://www.reddit.com/r/science/,33370338,learning,No,No,2024-12-31 04:01:52
videos,https://www.reddit.com/r/videos/,26810964,Chinese,No,No,2024-12-31 04:18:22
LifeProTips,https://www.reddit.com/r/LifeProTips/,22730212,learning,No,No,2024-12-31 03:51:58
politics,https://www.reddit.com/r/politics/,8692270,Chinese,No,No,2024-12-31 03:57:56
programming,https://www.reddit.com/r/programming/,6691361,learning,No,No,2024-12-31 03:22:39
NoStupidQuestions,https://www.reddit.com/r/NoStupidQuestions/,5215253,learning,No,No,2024-12-31 04:18:31
NoStupidQuestions,https://www.reddit.com/r/NoStupidQuestions/,5215253,Chinese,No,No,2024-12-31 04:18:31
unpopularopinion,https://www.reddit.com/r/unpopularopinion/,4430077,learning,No,No,2024-12-31 03:56:31
learnprogramming,https://www.reddit.com/r/learnprogramming/,4160623,learning,Yes,No,2024-12-31 04:18:11
ProgrammerHumor,https://www.reddit.com/r/ProgrammerHumor/,4128329,learning,No,No,2024-12-31 03:02:54
singularity,https://www.reddit.com/r/singularity/,3468770,learning,No,No,2024-12-31 04:01:40
ArtefactPorn,https://www.reddit.com/r/ArtefactPorn/,3176004,Multiple,No,No,2024-12-31 03:07:58
teenagers,https://www.reddit.com/r/teenagers/,3101079,Chinese,No,No,2024-12-31 04:18:03
teenagers,https://www.reddit.com/r/teenagers/,3101078,learning,No,No,2024-12-31 04:18:03
MachineLearning,https://www.reddit.com/r/MachineLearning/,2946094,learning,Yes,No,2024-12-31 03:30:14
languagelearning,https://www.reddit.com/r/languagelearning/,2861657,Multiple,Yes,No,2024-12-31 03:34:51
languagelearning,https://www.reddit.com/r/languagelearning/,2861657,learning,Yes,No,2024-12-31 03:34:51
languagelearning,https://www.reddit.com/r/languagelearning/,2861654,Chinese,Yes,No,2024-12-31 03:34:51
CasualConversation,https://www.reddit.com/r/CasualConversation/,2499333,learning,No,No,2024-12-31 03:53:35
india,https://www.reddit.com/r/india/,2464916,Chinese,No,No,2024-12-31 04:13:14
FreeEBOOKS,https://www.reddit.com/r/FreeEBOOKS/,2346326,Chinese,No,No,2024-12-31 04:09:32
AskHistorians,https://www.reddit.com/r/AskHistorians/,2197060,Chinese,No,No,2024-12-31 04:10:35
AskHistorians,https://www.reddit.com/r/AskHistorians/,2197060,Multiple,No,No,2024-12-31 04:10:35
cscareerquestions,https://www.reddit.com/r/cscareerquestions/,2105998,learning,No,No,2024-12-31 04:00:20
ADHD,https://www.reddit.com/r/ADHD/,1973191,learning,No,No,2024-12-30 07:31:49
singapore,https://www.reddit.com/r/singapore/,1573679,Chinese,No,No,2024-12-31 04:07:21
AskEurope,https://www.reddit.com/r/AskEurope/,1550639,learning,No,No,2024-12-31 02:39:32
IWantToLearn,https://www.reddit.com/r/IWantToLearn/,1402236,learning,Yes,No,2024-12-30 23:06:38
Teachers,https://www.reddit.com/r/Teachers/,1238557,learning,No,No,2024-12-31 03:49:04
malaysia,https://www.reddit.com/r/malaysia/,1097582,Chinese,No,No,2024-12-31 04:17:26
reddit.com,https://www.reddit.com/r/reddit.com/,1010439,Chinese,No,No,2007-06-05 17:45:00
chinesefood,https://www.reddit.com/r/chinesefood/,954235,Chinese,No,No,2024-12-31 02:34:15
delhi,https://www.reddit.com/r/delhi/,952288,Multiple,No,No,2024-12-31 04:06:50
LearnJapanese,https://www.reddit.com/r/LearnJapanese/,716928,learning,Yes,No,2024-12-31 04:16:02
LearnJapanese,https://www.reddit.com/r/LearnJapanese/,716928,Chinese,Yes,No,2024-12-31 04:16:02
vexillology,https://www.reddit.com/r/vexillology/,707786,Multiple,No,No,2024-12-31 03:29:36
HongKong,https://www.reddit.com/r/HongKong/,639120,Chinese,No,No,2024-12-31 04:02:54
taiwan,https://www.reddit.com/r/taiwan/,633741,Chinese,No,No,2024-12-31 03:58:21
China,https://www.reddit.com/r/China/,517347,Multiple,No,No,2024-12-31 02:50:02
China,https://www.reddit.com/r/China/,517347,Chinese,No,No,2024-12-31 02:50:02
CrusaderKings,https://www.reddit.com/r/CrusaderKings/,469773,Multiple,No,No,2024-12-31 03:43:25
CryptoCurrencies,https://www.reddit.com/r/CryptoCurrencies/,402102,Chinese,No,No,2024-12-30 09:00:34
duolingo,https://www.reddit.com/r/duolingo/,400773,Chinese,No,No,2024-12-31 04:05:49
duolingo,https://www.reddit.com/r/duolingo/,400773,learning,No,No,2024-12-31 04:05:49
German,https://www.reddit.com/r/German/,376493,learning,Yes,No,2024-12-31 04:17:12
Notion,https://www.reddit.com/r/Notion/,376181,learning,No,No,2024-12-31 03:43:52
Spanish,https://www.reddit.com/r/Spanish/,359297,Multiple,Yes,No,2024-12-31 01:59:19
Spanish,https://www.reddit.com/r/Spanish/,359297,learning,Yes,No,2024-12-31 01:59:19
java,https://www.reddit.com/r/java/,351871,learning,Yes,No,2024-12-30 17:06:28
linguistics,https://www.reddit.com/r/linguistics/,348557,learning,No,No,2024-12-29 17:02:41
linguistics,https://www.reddit.com/r/linguistics/,348557,Multiple,No,No,2024-12-29 17:02:41
linguistics,https://www.reddit.com/r/linguistics/,348557,Chinese,No,No,2024-12-29 17:02:41
EnglishLearning,https://www.reddit.com/r/EnglishLearning/,335914,learning,Yes,No,2024-12-31 03:56:17
rust,https://www.reddit.com/r/rust/,326996,learning,Yes,No,2024-12-31 01:19:53
GameDevelopment,https://www.reddit.com/r/GameDevelopment/,315254,learning,No,No,2024-12-31 04:14:54
kolkata,https://www.reddit.com/r/kolkata/,310501,Multiple,No,No,2024-12-31 04:12:12
russian,https://www.reddit.com/r/russian/,284952,learning,Yes,No,2024-12-31 03:38:39
French,https://www.reddit.com/r/French/,271112,learning,No,No,2024-12-31 00:44:35
nbacirclejerk,https://www.reddit.com/r/nbacirclejerk/,265561,Chinese,No,No,2024-12-31 04:12:46
Slovakia,https://www.reddit.com/r/Slovakia/,257077,learning,No,No,2024-12-31 03:49:22
asia,https://www.reddit.com/r/asia/,241192,Chinese,No,No,2024-12-31 01:06:36
ChineseLanguage,https://www.reddit.com/r/ChineseLanguage/,232463,Multiple,Yes,No,2024-12-31 04:17:52
ChineseLanguage,https://www.reddit.com/r/ChineseLanguage/,232463,Chinese,Yes,No,2024-12-31 04:17:52
ChineseLanguage,https://www.reddit.com/r/ChineseLanguage/,232463,learning,Yes,No,2024-12-31 04:17:52
Korean,https://www.reddit.com/r/Korean/,221819,learning,Yes,No,2024-12-31 03:02:30
Korean,https://www.reddit.com/r/Korean/,221819,Chinese,Yes,No,2024-12-31 03:02:30
Random_Acts_Of_Amazon,https://www.reddit.com/r/Random_Acts_Of_Amazon/,204047,learning,No,No,2024-12-31 03:48:02
translator,https://www.reddit.com/r/translator/,197612,learning,No,No,2024-12-31 04:12:59
asklatinamerica,https://www.reddit.com/r/asklatinamerica/,196449,Multiple,No,No,2024-12-31 01:36:55
language_exchange,https://www.reddit.com/r/language_exchange/,169939,Chinese,Yes,No,2024-12-31 03:58:48
language_exchange,https://www.reddit.com/r/language_exchange/,169939,learning,Yes,No,2024-12-31 03:58:48
asklinguistics,https://www.reddit.com/r/asklinguistics/,167607,learning,No,No,2024-12-31 02:53:28
iOSProgramming,https://www.reddit.com/r/iOSProgramming/,151770,learning,No,No,2024-12-31 01:47:24
Anki,https://www.reddit.com/r/Anki/,148214,learning,No,No,2024-12-31 03:06:31
Anki,https://www.reddit.com/r/Anki/,148214,Chinese,No,No,2024-12-31 03:06:31
makemychoice,https://www.reddit.com/r/makemychoice/,140836,Chinese,No,No,2024-12-31 03:28:03
Manhua,https://www.reddit.com/r/Manhua/,139723,Chinese,No,No,2024-12-31 04:14:09
learnfrench,https://www.reddit.com/r/learnfrench/,133429,learning,No,No,2024-12-31 00:35:13
japanese,https://www.reddit.com/r/japanese/,125852,learning,No,No,2024-12-31 03:33:21
italianlearning,https://www.reddit.com/r/italianlearning/,115338,learning,Yes,No,2024-12-31 03:31:34
AsianParentStories,https://www.reddit.com/r/AsianParentStories/,112110,Chinese,No,No,2024-12-31 04:17:15
latin,https://www.reddit.com/r/latin/,107175,learning,Yes,No,2024-12-31 04:07:35
otomegames,https://www.reddit.com/r/otomegames/,106130,learning,No,No,2024-12-31 02:46:20
InlandEmpire,https://www.reddit.com/r/InlandEmpire/,103317,Chinese,No,No,2024-12-31 02:45:59
Sino,https://www.reddit.com/r/Sino/,103064,Chinese,No,No,2024-12-30 22:25:34
ABCDesis,https://www.reddit.com/r/ABCDesis/,96560,Multiple,No,No,2024-12-31 03:13:52
learn_arabic,https://www.reddit.com/r/learn_arabic/,86855,learning,Yes,No,2024-12-31 00:35:45
badlinguistics,https://www.reddit.com/r/badlinguistics/,86747,Chinese,No,No,2024-12-05 20:37:20
learndutch,https://www.reddit.com/r/learndutch/,86422,learning,Yes,No,2024-12-31 03:51:15
shanghai,https://www.reddit.com/r/shanghai/,86174,Chinese,No,No,2024-12-31 00:11:15
CDrama,https://www.reddit.com/r/CDrama/,84646,Chinese,No,No,2024-12-31 02:42:59
Portuguese,https://www.reddit.com/r/Portuguese/,81445,learning,Yes,No,2024-12-31 04:19:12
asianamerican,https://www.reddit.com/r/asianamerican/,78171,Chinese,No,No,2024-12-29 21:51:34
asianamerican,https://www.reddit.com/r/asianamerican/,78171,Multiple,No,No,2024-12-29 21:51:34
asl,https://www.reddit.com/r/asl/,77469,learning,No,No,2024-12-31 01:01:57
IndianCountry,https://www.reddit.com/r/IndianCountry/,74824,learning,No,No,2024-12-31 01:29:12
IndianCountry,https://www.reddit.com/r/IndianCountry/,74824,Multiple,No,No,2024-12-31 01:29:12
aznidentity,https://www.reddit.com/r/aznidentity/,73899,Chinese,No,No,2024-12-31 00:19:30
languagelearningjerk,https://www.reddit.com/r/languagelearningjerk/,67885,learning,Yes,No,2024-12-31 03:12:37
languagelearningjerk,https://www.reddit.com/r/languagelearningjerk/,67885,Multiple,Yes,No,2024-12-31 03:12:37
languagelearningjerk,https://www.reddit.com/r/languagelearningjerk/,67885,Chinese,Yes,No,2024-12-31 03:12:37
dutch,https://www.reddit.com/r/dutch/,62751,learning,No,No,2024-12-31 00:39:53
Svenska,https://www.reddit.com/r/Svenska/,59760,learning,No,No,2024-12-30 22:25:10
chinalife,https://www.reddit.com/r/chinalife/,57571,Chinese,No,No,2024-12-31 03:04:54
programmingcirclejerk,https://www.reddit.com/r/programmingcirclejerk/,56869,learning,No,No,2024-12-30 23:24:22
TillSverige,https://www.reddit.com/r/TillSverige/,54598,learning,No,No,2024-12-31 04:04:20
norsk,https://www.reddit.com/r/norsk/,53733,learning,Yes,No,2024-12-31 00:16:45
LanguageTechnology,https://www.reddit.com/r/LanguageTechnology/,51628,learning,Yes,No,2024-12-30 22:23:00
DanmeiNovels,https://www.reddit.com/r/DanmeiNovels/,49346,Chinese,No,No,2024-12-30 23:48:45
Japaneselanguage,https://www.reddit.com/r/Japaneselanguage/,47034,learning,Yes,No,2024-12-30 22:32:00
Chinese,https://www.reddit.com/r/Chinese/,46935,Chinese,No,No,2024-12-31 04:17:29
learnpolish,https://www.reddit.com/r/learnpolish/,43520,learning,Yes,No,2024-12-31 00:23:46
Cantonese,https://www.reddit.com/r/Cantonese/,41398,Chinese,No,No,2024-12-31 04:10:46
Cantonese,https://www.reddit.com/r/Cantonese/,41398,Multiple,No,No,2024-12-31 04:10:46
deaf,https://www.reddit.com/r/deaf/,41165,learning,No,No,2024-12-31 03:28:51
chinesecooking,https://www.reddit.com/r/chinesecooking/,40750,Chinese,No,No,2024-12-30 22:42:15
language,https://www.reddit.com/r/language/,39132,learning,Yes,No,2024-12-30 20:45:08
PythonProjects2,https://www.reddit.com/r/PythonProjects2/,36211,learning,No,No,2024-12-30 16:54:48
LearnFinnish,https://www.reddit.com/r/LearnFinnish/,33626,learning,Yes,No,2024-12-30 21:16:34
mixedrace,https://www.reddit.com/r/mixedrace/,32413,Multiple,No,No,2024-12-31 02:14:36
Julia,https://www.reddit.com/r/Julia/,26767,learning,Yes,No,2024-12-30 11:17:25
Urdu,https://www.reddit.com/r/Urdu/,26302,learning,No,No,2024-12-31 03:04:15
bahasamelayu,https://www.reddit.com/r/bahasamelayu/,24863,learning,No,No,2024-12-30 08:25:36
Donghua,https://www.reddit.com/r/Donghua/,22281,Chinese,No,No,2024-12-31 03:43:36
ChineseHistory,https://www.reddit.com/r/ChineseHistory/,18970,Chinese,No,No,2024-12-30 20:02:29
SubSimGPT2Interactive,https://www.reddit.com/r/SubSimGPT2Interactive/,17866,Chinese,No,No,2024-12-31 03:29:05
dreamingspanish,https://www.reddit.com/r/dreamingspanish/,16899,learning,No,No,2024-12-31 02:35:38
multilingualparenting,https://www.reddit.com/r/multilingualparenting/,16093,Multiple,No,No,2024-12-30 22:46:48
PythonLearning,https://www.reddit.com/r/PythonLearning/,15696,learning,Yes,No,2024-12-30 14:22:41
malayalam,https://www.reddit.com/r/malayalam/,15228,learning,No,No,2024-12-30 03:39:43
MachineLearningJobs,https://www.reddit.com/r/MachineLearningJobs/,15052,learning,Yes,No,2024-12-31 01:46:19
JewsOfConscience,https://www.reddit.com/r/JewsOfConscience/,15006,Multiple,No,No,2024-12-31 01:31:29
arabic,https://www.reddit.com/r/arabic/,13076,learning,No,No,2024-12-30 22:12:34
cpop,https://www.reddit.com/r/cpop/,12751,Chinese,No,No,2024-12-30 20:57:45
LanguageBuds,https://www.reddit.com/r/LanguageBuds/,11740,learning,Yes,No,2024-12-30 23:43:11
learnchinese,https://www.reddit.com/r/learnchinese/,11086,Chinese,Yes,No,2024-10-02 13:42:30
learnvietnamese,https://www.reddit.com/r/learnvietnamese/,10585,learning,No,No,2024-12-19 15:38:32
learnmandarin,https://www.reddit.com/r/learnmandarin/,10137,Chinese,Yes,No,2024-12-30 09:19:38
learnmandarin,https://www.reddit.com/r/learnmandarin/,10137,learning,Yes,No,2024-12-30 09:19:38
polyglot,https://www.reddit.com/r/polyglot/,10067,learning,No,No,2024-12-29 17:23:16
classicalchinese,https://www.reddit.com/r/classicalchinese/,6205,Chinese,Yes,No,2024-12-25 15:51:52
chinaart,https://www.reddit.com/r/chinaart/,5652,Chinese,No,No,2024-12-30 14:53:27
memrise,https://www.reddit.com/r/memrise/,5413,Chinese,Yes,No,2024-12-30 05:36:09
japanesecooking,https://www.reddit.com/r/japanesecooking/,4756,Chinese,No,No,2024-12-30 02:51:52
chinesecrested,https://www.reddit.com/r/chinesecrested/,4575,Chinese,No,No,2024-12-30 15:04:20
FoodSovereignty,https://www.reddit.com/r/FoodSovereignty/,4198,Multiple,No,No,2024-04-22 05:24:59
Crescerys,https://www.reddit.com/r/Crescerys/,3566,Chinese,No,No,2024-12-26 15:17:47
InvestingChina,https://www.reddit.com/r/InvestingChina/,2619,Chinese,No,No,2024-12-17 22:17:51
AnkiLanguageLearning,https://www.reddit.com/r/AnkiLanguageLearning/,2346,learning,Yes,No,2023-12-07 23:53:15
LearningASL,https://www.reddit.com/r/LearningASL/,2048,learning,Yes,No,2024-12-31 02:07:41
learnR,https://www.reddit.com/r/learnR/,2038,learning,Yes,No,2023-09-10 15:44:12
TowerOfBabylon,https://www.reddit.com/r/TowerOfBabylon/,1667,learning,Yes,No,2024-05-03 16:38:56
Palestinians,https://www.reddit.com/r/Palestinians/,1488,Multiple,No,Yes,2024-12-31 03:54:05
hakka,https://www.reddit.com/r/hakka/,1464,Chinese,No,No,2024-12-29 23:21:32
Language_Resources,https://www.reddit.com/r/Language_Resources/,1288,learning,Yes,No,2020-04-21 05:22:37
MetisNation,https://www.reddit.com/r/MetisNation/,1276,Multiple,No,Yes,2024-06-11 20:11:48
EnglishPractice,https://www.reddit.com/r/EnglishPractice/,1205,learning,Yes,No,2024-12-30 00:14:42
YearOfTheDragon2024,https://www.reddit.com/r/YearOfTheDragon2024/,1124,Chinese,No,No,2024-12-30 14:35:40
chinglish,https://www.reddit.com/r/chinglish/,932,Chinese,Yes,No,2019-08-01 12:50:58
ChineseInstruments,https://www.reddit.com/r/ChineseInstruments/,835,Chinese,No,No,2023-09-24 02:24:53
LanguageComics,https://www.reddit.com/r/LanguageComics/,711,learning,Yes,No,2021-10-14 22:22:16
Mandarin101,https://www.reddit.com/r/Mandarin101/,697,Chinese,No,No,2012-08-27 19:52:09
AnandaBanga,https://www.reddit.com/r/AnandaBanga/,682,Multiple,No,Yes,2024-12-18 08:02:09
Gaulish,https://www.reddit.com/r/Gaulish/,633,Chinese,No,No,2024-11-22 16:05:32
pinyinsubtitles,https://www.reddit.com/r/pinyinsubtitles/,627,Chinese,Yes,No,2023-11-13 22:23:04
viet,https://www.reddit.com/r/viet/,624,Multiple,No,Yes,2024-12-26 03:56:04
megacoin,https://www.reddit.com/r/megacoin/,435,Chinese,No,No,2024-06-15 08:07:04
mondly,https://www.reddit.com/r/mondly/,373,Chinese,Yes,No,2024-10-23 10:04:45
languagelearningCO,https://www.reddit.com/r/languagelearningCO/,362,learning,Yes,No,2022-03-12 15:49:25
MandarinTutor,https://www.reddit.com/r/MandarinTutor/,351,Chinese,No,No,2024-08-19 18:29:52
Chengyu,https://www.reddit.com/r/Chengyu/,347,Chinese,No,No,2022-12-01 13:42:04
CCPSpyWatch,https://www.reddit.com/r/CCPSpyWatch/,330,Chinese,No,No,2024-03-14 16:52:07
greenlandic,https://www.reddit.com/r/greenlandic/,306,learning,Yes,No,2022-09-19 01:30:58
LanguageBuddies,https://www.reddit.com/r/LanguageBuddies/,280,Chinese,Yes,No,2023-10-10 22:17:18
LANL_Chinese,https://www.reddit.com/r/LANL_Chinese/,254,Chinese,Yes,No,2019-11-21 04:57:41
influent,https://www.reddit.com/r/influent/,247,learning,Yes,No,2023-11-12 08:38:44
languagelearningmemes,https://www.reddit.com/r/languagelearningmemes/,240,learning,Yes,No,2022-03-10 16:03:43
ComprehensibleInput,https://www.reddit.com/r/ComprehensibleInput/,225,learning,Yes,No,2024-12-10 14:22:48
StudyChinese,https://www.reddit.com/r/StudyChinese/,219,Chinese,No,No,2020-01-08 03:10:16
ChineseCulture,https://www.reddit.com/r/ChineseCulture/,196,Chinese,No,No,2024-12-02 15:13:48
ChuNom,https://www.reddit.com/r/ChuNom/,196,Chinese,No,No,2024-10-11 12:23:40
zhongwen,https://www.reddit.com/r/zhongwen/,182,Chinese,No,No,2021-07-28 13:05:15
languagelearningbuds,https://www.reddit.com/r/languagelearningbuds/,170,learning,Yes,No,2023-02-05 20:06:00
Qidian_Overlord,https://www.reddit.com/r/Qidian_Overlord/,144,Chinese,No,No,2024-02-09 07:06:27
ChineseLearning4Kids,https://www.reddit.com/r/ChineseLearning4Kids/,138,Chinese,Yes,No,2022-08-21 15:01:29
LrnTraditionalChinese,https://www.reddit.com/r/LrnTraditionalChinese/,137,Chinese,Yes,No,2024-08-09 22:50:58
LearnWithOliver,https://www.reddit.com/r/LearnWithOliver/,132,learning,Yes,No,2024-02-12 00:28:43
learn_tajik,https://www.reddit.com/r/learn_tajik/,111,learning,Yes,No,2024-09-30 16:17:41
Antarctic_Circle,https://www.reddit.com/r/Antarctic_Circle/,110,Multiple,No,No,2020-12-28 02:28:57
dong_chinese,https://www.reddit.com/r/dong_chinese/,108,Chinese,No,No,2024-08-11 14:01:59
LearningBSL,https://www.reddit.com/r/LearningBSL/,106,learning,Yes,No,2024-07-05 10:36:39
LearnRealChinese,https://www.reddit.com/r/LearnRealChinese/,105,Chinese,Yes,No,2024-05-09 04:41:25
maochina,https://www.reddit.com/r/maochina/,88,Chinese,No,No,2019-10-20 00:16:03
ChineseRestaurants,https://www.reddit.com/r/ChineseRestaurants/,83,Chinese,No,No,2023-11-20 04:23:46
ChineseNewTextbooks,https://www.reddit.com/r/ChineseNewTextbooks/,80,Chinese,Yes,No,2019-11-21 23:11:46
RussianKaleidoscope,https://www.reddit.com/r/RussianKaleidoscope/,79,Multiple,No,Yes,2023-06-12 18:30:25
ChineseBusinessTalks,https://www.reddit.com/r/ChineseBusinessTalks/,77,Chinese,No,No,2019-11-15 04:08:47
Chinese_plus,https://www.reddit.com/r/Chinese_plus/,74,Chinese,No,No,2024-08-30 11:34:05
mamamama,https://www.reddit.com/r/mamamama/,69,Chinese,No,No,2020-05-16 00:05:15
kanbun,https://www.reddit.com/r/kanbun/,67,Chinese,No,No,2018-06-18 14:31:35
CFLcomics,https://www.reddit.com/r/CFLcomics/,66,Chinese,No,No,2020-08-23 23:46:46
pineappleofc,https://www.reddit.com/r/pineappleofc/,53,Chinese,No,No,2023-08-25 18:42:26
ChineseContract,https://www.reddit.com/r/ChineseContract/,52,Chinese,Yes,No,2019-11-13 00:17:07
thebahamas,https://www.reddit.com/r/thebahamas/,48,Multiple,No,Yes,2024-11-17 23:17:59
ChineseNumbersStudy,https://www.reddit.com/r/ChineseNumbersStudy/,44,Chinese,No,No,2019-11-12 20:30:08
LearnChineseYourself,https://www.reddit.com/r/LearnChineseYourself/,42,Chinese,Yes,No,2024-11-25 15:21:35
LanguageCardGames,https://www.reddit.com/r/LanguageCardGames/,38,Chinese,Yes,No,2023-08-16 09:28:29
ChineseTong,https://www.reddit.com/r/ChineseTong/,29,Chinese,No,No,2021-02-10 08:48:55
AllenLanguageLearning,https://www.reddit.com/r/AllenLanguageLearning/,27,learning,Yes,No,2019-11-13 01:01:29
ChineseteaCode,https://www.reddit.com/r/ChineseteaCode/,26,Chinese,No,No,2024-08-30 20:49:59
CCDecomposition,https://www.reddit.com/r/CCDecomposition/,22,Chinese,No,No,2019-11-13 01:07:53
Struwwelkinder,https://www.reddit.com/r/Struwwelkinder/,22,Multiple,No,Yes,2024-11-22 15:07:55
AOneLanguageLearning,https://www.reddit.com/r/AOneLanguageLearning/,18,learning,Yes,No,2024-05-16 18:10:58
languagelearningcjcj,https://www.reddit.com/r/languagelearningcjcj/,13,learning,Yes,No,2024-12-28 04:15:36
