Name,URL,Description,Number of Subscribers,Focus Language,Learning Emphasis,Heritage Emphasis,Last Post Date/Time (UTC)
todayilearned,https://www.reddit.com/r/todayilearned/,"You learn something new every day; what did you learn today?
Submit interesting and specific facts about something that you just found out here.",40958976,Unknown,Yes,No,2025-07-02 16:08:25
todayilearned,https://www.reddit.com/r/todayilearned/,"You learn something new every day; what did you learn today?
Submit interesting and specific facts about something that you just found out here.",40958972,Unknown,Yes,No,2025-07-02 16:08:25
languagelearning,https://www.reddit.com/r/languagelearning/,"A community for anybody interested in learning other languages. Whether you are just starting, a polyglot or a language nerd, this is the place for you!",3256685,Unknown,Yes,No,2025-07-02 15:47:54
languagelearning,https://www.reddit.com/r/languagelearning/,"A community for anybody interested in learning other languages. Whether you are just starting, a polyglot or a language nerd, this is the place for you!",3256685,Unknown,Yes,No,2025-07-02 15:47:54
languagelearning,https://www.reddit.com/r/languagelearning/,"A community for anybody interested in learning other languages. Whether you are just starting, a polyglot or a language nerd, this is the place for you!",3256685,Unknown,Yes,No,2025-07-02 15:47:54
languagelearning,https://www.reddit.com/r/languagelearning/,"A community for anybody interested in learning other languages. Whether you are just starting, a polyglot or a language nerd, this is the place for you!",3256685,Unknown,Yes,No,2025-07-02 15:47:54
languagelearning,https://www.reddit.com/r/languagelearning/,"A community for anybody interested in learning other languages. Whether you are just starting, a polyglot or a language nerd, this is the place for you!",3256685,Unknown,Yes,No,2025-07-02 15:47:54
languagelearning,https://www.reddit.com/r/languagelearning/,"A community for anybody interested in learning other languages. Whether you are just starting, a polyglot or a language nerd, this is the place for you!",3256685,Unknown,Yes,No,2025-07-02 15:47:54
languagelearning,https://www.reddit.com/r/languagelearning/,"A community for anybody interested in learning other languages. Whether you are just starting, a polyglot or a language nerd, this is the place for you!",3256685,Unknown,Yes,No,2025-07-02 15:47:54
languagelearning,https://www.reddit.com/r/languagelearning/,"A community for anybody interested in learning other languages. Whether you are just starting, a polyglot or a language nerd, this is the place for you!",3256685,Unknown,Yes,No,2025-07-02 15:47:54
languagelearning,https://www.reddit.com/r/languagelearning/,"A community for anybody interested in learning other languages. Whether you are just starting, a polyglot or a language nerd, this is the place for you!",3256685,Unknown,Yes,No,2025-07-02 15:47:54
languagelearning,https://www.reddit.com/r/languagelearning/,"A community for anybody interested in learning other languages. Whether you are just starting, a polyglot or a language nerd, this is the place for you!",3256685,Unknown,Yes,No,2025-07-02 15:47:54
languagelearning,https://www.reddit.com/r/languagelearning/,"A community for anybody interested in learning other languages. Whether you are just starting, a polyglot or a language nerd, this is the place for you!",3256684,Unknown,Yes,No,2025-07-02 15:47:54
languagelearning,https://www.reddit.com/r/languagelearning/,"A community for anybody interested in learning other languages. Whether you are just starting, a polyglot or a language nerd, this is the place for you!",3256684,Unknown,Yes,No,2025-07-02 15:47:54
languagelearning,https://www.reddit.com/r/languagelearning/,"A community for anybody interested in learning other languages. Whether you are just starting, a polyglot or a language nerd, this is the place for you!",3256684,Unknown,Yes,No,2025-07-02 15:47:54
languagelearning,https://www.reddit.com/r/languagelearning/,"A community for anybody interested in learning other languages. Whether you are just starting, a polyglot or a language nerd, this is the place for you!",3256684,Unknown,Yes,No,2025-07-02 15:47:54
languagelearning,https://www.reddit.com/r/languagelearning/,"A community for anybody interested in learning other languages. Whether you are just starting, a polyglot or a language nerd, this is the place for you!",3256684,Unknown,Yes,No,2025-07-02 15:47:54
taiwan,https://www.reddit.com/r/taiwan/,For those interested in Taiwan! Feel free to share content with the community.,726676,Unknown,No,No,2025-07-02 12:54:39
taiwan,https://www.reddit.com/r/taiwan/,For those interested in Taiwan! Feel free to share content with the community.,726676,Unknown,No,No,2025-07-02 12:54:39
taiwan,https://www.reddit.com/r/taiwan/,For those interested in Taiwan! Feel free to share content with the community.,726676,Unknown,No,No,2025-07-02 12:54:39
taiwan,https://www.reddit.com/r/taiwan/,For those interested in Taiwan! Feel free to share content with the community.,726676,Unknown,No,No,2025-07-02 12:54:39
HongKong,https://www.reddit.com/r/HongKong/,"A Subreddit for all things Hong Kong. From Travel, food, events, to local news and politics. ",670115,Unknown,No,No,2025-07-02 15:54:17
China,https://www.reddit.com/r/China/,"A community for discussing China and topics related to it. All viewpoints and opinions are welcome here, but please read the rules in the sidebar before posting.",554426,Unknown,No,No,2025-07-02 15:44:03
China,https://www.reddit.com/r/China/,"A community for discussing China and topics related to it. All viewpoints and opinions are welcome here, but please read the rules in the sidebar before posting.",554424,Unknown,No,No,2025-07-02 15:44:03
China,https://www.reddit.com/r/China/,"A community for discussing China and topics related to it. All viewpoints and opinions are welcome here, but please read the rules in the sidebar before posting.",554424,Unknown,No,No,2025-07-02 15:44:03
linguistics,https://www.reddit.com/r/linguistics/,"This is a community for discussions related to topics and questions about linguistics, the scientific study of human language. For common questions, please refer to the FAQs below. For those looking to deepen their appreciation for linguistics, the reading list is a list of recommended texts on areas of linguistic and language research compiled by resident experts here at Reddit.",361981,Unknown,No,No,2025-06-30 11:00:54
linguistics,https://www.reddit.com/r/linguistics/,"This is a community for discussions related to topics and questions about linguistics, the scientific study of human language. For common questions, please refer to the FAQs below. For those looking to deepen their appreciation for linguistics, the reading list is a list of recommended texts on areas of linguistic and language research compiled by resident experts here at Reddit.",361981,Unknown,No,No,2025-06-30 11:00:54
linguistics,https://www.reddit.com/r/linguistics/,"This is a community for discussions related to topics and questions about linguistics, the scientific study of human language. For common questions, please refer to the FAQs below. For those looking to deepen their appreciation for linguistics, the reading list is a list of recommended texts on areas of linguistic and language research compiled by resident experts here at Reddit.",361981,Unknown,No,No,2025-06-30 11:00:54
China_irl,https://www.reddit.com/r/China_irl/,"一个以相互尊重为基础、提倡求同存异的中文社区。我们欢迎大家友善地讨论历史、生物、科技、人文、地理、生活等各类话题。

A humble community built on mutual respect. Must use Chinese language. This is NOT a satire/meme sub.",325265,Chinese,No,No,2025-07-02 16:11:47
ChineseLanguage,https://www.reddit.com/r/ChineseLanguage/,"This is a community for people studying or teaching Chinese - or even if you're just interested in Chinese languages. Discussion of all Chinese languages/dialects is welcome!


Please post interesting links, language learning advice, or questions!",264537,Chinese,Yes,No,2025-07-02 15:01:30
ChineseLanguage,https://www.reddit.com/r/ChineseLanguage/,"This is a community for people studying or teaching Chinese - or even if you're just interested in Chinese languages. Discussion of all Chinese languages/dialects is welcome!


Please post interesting links, language learning advice, or questions!",264537,Chinese,Yes,No,2025-07-02 15:01:30
ChineseLanguage,https://www.reddit.com/r/ChineseLanguage/,"This is a community for people studying or teaching Chinese - or even if you're just interested in Chinese languages. Discussion of all Chinese languages/dialects is welcome!


Please post interesting links, language learning advice, or questions!",264537,Chinese,Yes,No,2025-07-02 15:01:30
ChineseLanguage,https://www.reddit.com/r/ChineseLanguage/,"This is a community for people studying or teaching Chinese - or even if you're just interested in Chinese languages. Discussion of all Chinese languages/dialects is welcome!


Please post interesting links, language learning advice, or questions!",264537,Chinese,Yes,No,2025-07-02 15:01:30
ChineseLanguage,https://www.reddit.com/r/ChineseLanguage/,"This is a community for people studying or teaching Chinese - or even if you're just interested in Chinese languages. Discussion of all Chinese languages/dialects is welcome!


Please post interesting links, language learning advice, or questions!",264537,Chinese,Yes,No,2025-07-02 15:01:30
ChineseLanguage,https://www.reddit.com/r/ChineseLanguage/,"This is a community for people studying or teaching Chinese - or even if you're just interested in Chinese languages. Discussion of all Chinese languages/dialects is welcome!


Please post interesting links, language learning advice, or questions!",264537,Chinese,Yes,No,2025-07-02 15:01:30
language_exchange,https://www.reddit.com/r/language_exchange/,"Teach your language, learn a new one: Free language exchange worldwide.",189845,Unknown,Yes,No,2025-07-02 16:02:48
language_exchange,https://www.reddit.com/r/language_exchange/,"Teach your language, learn a new one: Free language exchange worldwide.",189845,Unknown,Yes,No,2025-07-02 16:02:48
language_exchange,https://www.reddit.com/r/language_exchange/,"Teach your language, learn a new one: Free language exchange worldwide.",189845,Unknown,Yes,No,2025-07-02 16:02:48
language_exchange,https://www.reddit.com/r/language_exchange/,"Teach your language, learn a new one: Free language exchange worldwide.",189845,Unknown,Yes,No,2025-07-02 16:02:48
language_exchange,https://www.reddit.com/r/language_exchange/,"Teach your language, learn a new one: Free language exchange worldwide.",189845,Unknown,Yes,No,2025-07-02 16:02:48
language_exchange,https://www.reddit.com/r/language_exchange/,"Teach your language, learn a new one: Free language exchange worldwide.",189845,Unknown,Yes,No,2025-07-02 16:02:48
language_exchange,https://www.reddit.com/r/language_exchange/,"Teach your language, learn a new one: Free language exchange worldwide.",189845,Unknown,Yes,No,2025-07-02 16:02:48
language_exchange,https://www.reddit.com/r/language_exchange/,"Teach your language, learn a new one: Free language exchange worldwide.",189845,Unknown,Yes,No,2025-07-02 16:02:48
language_exchange,https://www.reddit.com/r/language_exchange/,"Teach your language, learn a new one: Free language exchange worldwide.",189845,Unknown,Yes,No,2025-07-02 16:02:48
language_exchange,https://www.reddit.com/r/language_exchange/,"Teach your language, learn a new one: Free language exchange worldwide.",189845,Unknown,Yes,No,2025-07-02 16:02:48
language_exchange,https://www.reddit.com/r/language_exchange/,"Teach your language, learn a new one: Free language exchange worldwide.",189845,Unknown,Yes,No,2025-07-02 16:02:48
language_exchange,https://www.reddit.com/r/language_exchange/,"Teach your language, learn a new one: Free language exchange worldwide.",189845,Unknown,Yes,No,2025-07-02 16:02:48
language_exchange,https://www.reddit.com/r/language_exchange/,"Teach your language, learn a new one: Free language exchange worldwide.",189845,Unknown,Yes,No,2025-07-02 16:02:48
language_exchange,https://www.reddit.com/r/language_exchange/,"Teach your language, learn a new one: Free language exchange worldwide.",189845,Unknown,Yes,No,2025-07-02 16:02:48
language_exchange,https://www.reddit.com/r/language_exchange/,"Teach your language, learn a new one: Free language exchange worldwide.",189845,Unknown,Yes,No,2025-07-02 16:02:48
languagelearningjerk,https://www.reddit.com/r/languagelearningjerk/,how lern languge fast????,89598,Unknown,Yes,No,2025-07-02 15:32:21
languagelearningjerk,https://www.reddit.com/r/languagelearningjerk/,how lern languge fast????,89598,Unknown,Yes,No,2025-07-02 15:32:21
languagelearningjerk,https://www.reddit.com/r/languagelearningjerk/,how lern languge fast????,89598,Unknown,Yes,No,2025-07-02 15:32:21
languagelearningjerk,https://www.reddit.com/r/languagelearningjerk/,how lern languge fast????,89598,Unknown,Yes,No,2025-07-02 15:32:21
languagelearningjerk,https://www.reddit.com/r/languagelearningjerk/,how lern languge fast????,89598,Unknown,Yes,No,2025-07-02 15:32:21
languagelearningjerk,https://www.reddit.com/r/languagelearningjerk/,how lern languge fast????,89598,Unknown,Yes,No,2025-07-02 15:32:21
languagelearningjerk,https://www.reddit.com/r/languagelearningjerk/,how lern languge fast????,89598,Unknown,Yes,No,2025-07-02 15:32:21
languagelearningjerk,https://www.reddit.com/r/languagelearningjerk/,how lern languge fast????,89598,Unknown,Yes,No,2025-07-02 15:32:21
languagelearningjerk,https://www.reddit.com/r/languagelearningjerk/,how lern languge fast????,89598,Unknown,Yes,No,2025-07-02 15:32:21
languagelearningjerk,https://www.reddit.com/r/languagelearningjerk/,how lern languge fast????,89598,Unknown,Yes,No,2025-07-02 15:32:21
languagelearningjerk,https://www.reddit.com/r/languagelearningjerk/,how lern languge fast????,89598,Unknown,Yes,No,2025-07-02 15:32:21
asianamerican,https://www.reddit.com/r/asianamerican/,"/r/asianamerican is an Asian American and Pacific Islander (AAPI) focused subreddit. We welcome any folks from the Asian diaspora--not just American--as well as anyone who identifies with the label 'Asian,' regardless of immigration history. The goal is to offer a positive, affirming space to share experiences of being AAPI for anyone seeking this community. 

Memes, news, life advice, humor, and pop culture references are highly encouraged.",82839,Unknown,No,No,2025-07-02 14:22:08
Japaneselanguage,https://www.reddit.com/r/Japaneselanguage/,This is a subreddit for people learning the Japanese language. A Place where I Hope you can feel welcome and learn something!!!,64183,Japanese,Yes,No,2025-07-02 14:25:37
LanguageTechnology,https://www.reddit.com/r/LanguageTechnology/,"This sub will focus on theory, careers, and applications of NLP (Natural Language Processing), which includes anything from Regex & Text Analytics to Transformers & LLMs.",56850,Unknown,Yes,No,2025-07-02 12:53:39
LanguageTechnology,https://www.reddit.com/r/LanguageTechnology/,"This sub will focus on theory, careers, and applications of NLP (Natural Language Processing), which includes anything from Regex & Text Analytics to Transformers & LLMs.",56850,Unknown,Yes,No,2025-07-02 12:53:39
LanguageTechnology,https://www.reddit.com/r/LanguageTechnology/,"This sub will focus on theory, careers, and applications of NLP (Natural Language Processing), which includes anything from Regex & Text Analytics to Transformers & LLMs.",56850,Unknown,Yes,No,2025-07-02 12:53:39
LanguageTechnology,https://www.reddit.com/r/LanguageTechnology/,"This sub will focus on theory, careers, and applications of NLP (Natural Language Processing), which includes anything from Regex & Text Analytics to Transformers & LLMs.",56850,Unknown,Yes,No,2025-07-02 12:53:39
LanguageTechnology,https://www.reddit.com/r/LanguageTechnology/,"This sub will focus on theory, careers, and applications of NLP (Natural Language Processing), which includes anything from Regex & Text Analytics to Transformers & LLMs.",56850,Unknown,Yes,No,2025-07-02 12:53:39
LanguageTechnology,https://www.reddit.com/r/LanguageTechnology/,"This sub will focus on theory, careers, and applications of NLP (Natural Language Processing), which includes anything from Regex & Text Analytics to Transformers & LLMs.",56850,Unknown,Yes,No,2025-07-02 12:53:39
LanguageTechnology,https://www.reddit.com/r/LanguageTechnology/,"This sub will focus on theory, careers, and applications of NLP (Natural Language Processing), which includes anything from Regex & Text Analytics to Transformers & LLMs.",56849,Unknown,Yes,No,2025-07-02 12:53:39
LanguageTechnology,https://www.reddit.com/r/LanguageTechnology/,"This sub will focus on theory, careers, and applications of NLP (Natural Language Processing), which includes anything from Regex & Text Analytics to Transformers & LLMs.",56849,Unknown,Yes,No,2025-07-02 12:53:39
LanguageTechnology,https://www.reddit.com/r/LanguageTechnology/,"This sub will focus on theory, careers, and applications of NLP (Natural Language Processing), which includes anything from Regex & Text Analytics to Transformers & LLMs.",56849,Unknown,Yes,No,2025-07-02 12:53:39
language,https://www.reddit.com/r/language/,,55018,Unknown,Yes,No,2025-07-02 14:30:12
language,https://www.reddit.com/r/language/,,55018,Unknown,Yes,No,2025-07-02 14:30:12
language,https://www.reddit.com/r/language/,,55018,Unknown,Yes,No,2025-07-02 14:30:12
language,https://www.reddit.com/r/language/,,55018,Unknown,Yes,No,2025-07-02 14:30:12
language,https://www.reddit.com/r/language/,,55018,Unknown,Yes,No,2025-07-02 14:30:12
language,https://www.reddit.com/r/language/,,55018,Unknown,Yes,No,2025-07-02 14:30:12
language,https://www.reddit.com/r/language/,,55018,Unknown,Yes,No,2025-07-02 14:30:12
language,https://www.reddit.com/r/language/,,55018,Unknown,Yes,No,2025-07-02 14:30:12
language,https://www.reddit.com/r/language/,,55018,Unknown,Yes,No,2025-07-02 14:30:12
language,https://www.reddit.com/r/language/,,55018,Unknown,Yes,No,2025-07-02 14:30:12
Chinese,https://www.reddit.com/r/Chinese/,/r/Chinese - For Chinese culture enthusiasts to share and learn more about 中国文化 !  Come learn more about China!,51898,Chinese,No,No,2025-07-02 10:28:48
Chinese,https://www.reddit.com/r/Chinese/,/r/Chinese - For Chinese culture enthusiasts to share and learn more about 中国文化 !  Come learn more about China!,51898,Chinese,No,No,2025-07-02 10:28:48
Cantonese,https://www.reddit.com/r/Cantonese/,"你好! We are a community of learners, native speakers, and friends who share a passion for all things Cantonese. We are dedicated to share resources and promote the Cantonese language, cuisine, and culture! 呢度都歡迎用廣東話呀！


In the spirit of sharing and learning, please keep discussions civil and constructive. We have established some basic rules and they will be updated as needed. Comments and posts that fail to adhere to the rules will be removed. Repeat offenders may be banned.",49093,Cantonese,No,No,2025-07-02 15:30:36
cpop,https://www.reddit.com/r/cpop/,Explore and share music produced by Chinese artists!,13497,Chinese,No,No,2025-07-01 19:13:37
cpop,https://www.reddit.com/r/cpop/,Explore and share music produced by Chinese artists!,13497,Chinese,No,No,2025-07-01 19:13:37
LanguageBuds,https://www.reddit.com/r/LanguageBuds/,"As language learners we know how hard it is to be able to get a real insight of the language one is learning, so we created this new subreddit for people to help themselves learn languages.",11950,Unknown,Yes,No,2025-06-30 18:34:45
LanguageBuds,https://www.reddit.com/r/LanguageBuds/,"As language learners we know how hard it is to be able to get a real insight of the language one is learning, so we created this new subreddit for people to help themselves learn languages.",11950,Unknown,Yes,No,2025-06-30 18:34:45
LanguageBuds,https://www.reddit.com/r/LanguageBuds/,"As language learners we know how hard it is to be able to get a real insight of the language one is learning, so we created this new subreddit for people to help themselves learn languages.",11950,Unknown,Yes,No,2025-06-30 18:34:45
LanguageBuds,https://www.reddit.com/r/LanguageBuds/,"As language learners we know how hard it is to be able to get a real insight of the language one is learning, so we created this new subreddit for people to help themselves learn languages.",11950,Unknown,Yes,No,2025-06-30 18:34:45
LanguageBuds,https://www.reddit.com/r/LanguageBuds/,"As language learners we know how hard it is to be able to get a real insight of the language one is learning, so we created this new subreddit for people to help themselves learn languages.",11950,Unknown,Yes,No,2025-06-30 18:34:45
LanguageBuds,https://www.reddit.com/r/LanguageBuds/,"As language learners we know how hard it is to be able to get a real insight of the language one is learning, so we created this new subreddit for people to help themselves learn languages.",11950,Unknown,Yes,No,2025-06-30 18:34:45
LanguageBuds,https://www.reddit.com/r/LanguageBuds/,"As language learners we know how hard it is to be able to get a real insight of the language one is learning, so we created this new subreddit for people to help themselves learn languages.",11950,Unknown,Yes,No,2025-06-30 18:34:45
LanguageBuds,https://www.reddit.com/r/LanguageBuds/,"As language learners we know how hard it is to be able to get a real insight of the language one is learning, so we created this new subreddit for people to help themselves learn languages.",11950,Unknown,Yes,No,2025-06-30 18:34:45
LanguageBuds,https://www.reddit.com/r/LanguageBuds/,"As language learners we know how hard it is to be able to get a real insight of the language one is learning, so we created this new subreddit for people to help themselves learn languages.",11950,Unknown,Yes,No,2025-06-30 18:34:45
learnmandarin,https://www.reddit.com/r/learnmandarin/,"There are a number of other good subs on learning Chinese, so this sub will focus on one aspect of learning Chinese: Tools and Technology for learning Chinese.

Things like 

 *   HelloChinese
 *   Duolingo
 *  TofuLearn
 *  Skritter
 *   Anki

We are looking for Reviews, Recommendations. No ads for your own stuff! We want things that you actually use!

Other Subs for Mandarin:

*    /r/learnchinese
 *   /r/chineselanguage
 *   /r/chinese

So I'd like to focus this one on ways to learn Chinese.",11033,Multiple,Yes,No,2025-06-28 21:24:55
languages,https://www.reddit.com/r/languages/,A subreddit for discussion language and language acquisition. **This has been merged with r/languagelearning and r/translator.**,9505,Unknown,Yes,No,2018-09-07 11:51:45
languages,https://www.reddit.com/r/languages/,A subreddit for discussion language and language acquisition. **This has been merged with r/languagelearning and r/translator.**,9505,Unknown,Yes,No,2018-09-07 11:51:45
languages,https://www.reddit.com/r/languages/,A subreddit for discussion language and language acquisition. **This has been merged with r/languagelearning and r/translator.**,9505,Unknown,Yes,No,2018-09-07 11:51:45
languages,https://www.reddit.com/r/languages/,A subreddit for discussion language and language acquisition. **This has been merged with r/languagelearning and r/translator.**,9505,Unknown,Yes,No,2018-09-07 11:51:45
languages,https://www.reddit.com/r/languages/,A subreddit for discussion language and language acquisition. **This has been merged with r/languagelearning and r/translator.**,9505,Unknown,Yes,No,2018-09-07 11:51:45
languages,https://www.reddit.com/r/languages/,A subreddit for discussion language and language acquisition. **This has been merged with r/languagelearning and r/translator.**,9505,Unknown,Yes,No,2018-09-07 11:51:45
languages,https://www.reddit.com/r/languages/,A subreddit for discussion language and language acquisition. **This has been merged with r/languagelearning and r/translator.**,9505,Unknown,Yes,No,2018-09-07 11:51:45
languages,https://www.reddit.com/r/languages/,A subreddit for discussion language and language acquisition. **This has been merged with r/languagelearning and r/translator.**,9505,Unknown,Yes,No,2018-09-07 11:51:45
languages,https://www.reddit.com/r/languages/,A subreddit for discussion language and language acquisition. **This has been merged with r/languagelearning and r/translator.**,9505,Unknown,Yes,No,2018-09-07 11:51:45
c_language,https://www.reddit.com/r/c_language/,,7511,Unknown,Yes,No,2025-06-16 17:14:10
LanguageExchange,https://www.reddit.com/r/LanguageExchange/,"We are consolidating at r/Language_Exchange, please post there instead",6444,Unknown,Yes,No,2020-04-26 03:02:16
LanguageExchange,https://www.reddit.com/r/LanguageExchange/,"We are consolidating at r/Language_Exchange, please post there instead",6444,Unknown,Yes,No,2020-04-26 03:02:16
LanguageExchange,https://www.reddit.com/r/LanguageExchange/,"We are consolidating at r/Language_Exchange, please post there instead",6444,Unknown,Yes,No,2020-04-26 03:02:16
LanguageExchange,https://www.reddit.com/r/LanguageExchange/,"We are consolidating at r/Language_Exchange, please post there instead",6444,Unknown,Yes,No,2020-04-26 03:02:16
LanguageExchange,https://www.reddit.com/r/LanguageExchange/,"We are consolidating at r/Language_Exchange, please post there instead",6444,Unknown,Yes,No,2020-04-26 03:02:16
LanguageExchange,https://www.reddit.com/r/LanguageExchange/,"We are consolidating at r/Language_Exchange, please post there instead",6444,Unknown,Yes,No,2020-04-26 03:02:16
LanguageExchange,https://www.reddit.com/r/LanguageExchange/,"We are consolidating at r/Language_Exchange, please post there instead",6444,Unknown,Yes,No,2020-04-26 03:02:16
LanguageExchange,https://www.reddit.com/r/LanguageExchange/,"We are consolidating at r/Language_Exchange, please post there instead",6444,Unknown,Yes,No,2020-04-26 03:02:16
LanguageExchange,https://www.reddit.com/r/LanguageExchange/,"We are consolidating at r/Language_Exchange, please post there instead",6444,Unknown,Yes,No,2020-04-26 03:02:16
LanguageExchange,https://www.reddit.com/r/LanguageExchange/,"We are consolidating at r/Language_Exchange, please post there instead",6444,Unknown,Yes,No,2020-04-26 03:02:16
MandarinChinese,https://www.reddit.com/r/MandarinChinese/,"For people studying or teaching *Mandarin* - or just interested in the language. Please post interesting links, language learning advice, or questions about the Chinese language. **Please try avoid advertising in the main content of your post**. If you need a Chinese phrase translated try posting it here - perhaps someone can help. Please use English as your main language for posts and comments.",5864,Multiple,Yes,No,2020-02-11 08:07:58
MandarinChinese,https://www.reddit.com/r/MandarinChinese/,"For people studying or teaching *Mandarin* - or just interested in the language. Please post interesting links, language learning advice, or questions about the Chinese language. **Please try avoid advertising in the main content of your post**. If you need a Chinese phrase translated try posting it here - perhaps someone can help. Please use English as your main language for posts and comments.",5864,Multiple,Yes,No,2020-02-11 08:07:58
ohtaigi,https://www.reddit.com/r/ohtaigi/,For people who are actively learning or want to start learning Taiwanese (台語). All levels of learner from true beginners through native speakers are welcome. Huan-gîng ta̍k-ke lâi tsò-hué o̍h Tâi-gí! (歡迎逐家來做伙學台語！),4563,Unknown,Yes,No,2025-07-02 08:55:38
ohtaigi,https://www.reddit.com/r/ohtaigi/,For people who are actively learning or want to start learning Taiwanese (台語). All levels of learner from true beginners through native speakers are welcome. Huan-gîng ta̍k-ke lâi tsò-hué o̍h Tâi-gí! (歡迎逐家來做伙學台語！),4563,Unknown,Yes,No,2025-07-02 08:55:38
ohtaigi,https://www.reddit.com/r/ohtaigi/,For people who are actively learning or want to start learning Taiwanese (台語). All levels of learner from true beginners through native speakers are welcome. Huan-gîng ta̍k-ke lâi tsò-hué o̍h Tâi-gí! (歡迎逐家來做伙學台語！),4563,Unknown,Yes,No,2025-07-02 08:55:38
ohtaigi,https://www.reddit.com/r/ohtaigi/,For people who are actively learning or want to start learning Taiwanese (台語). All levels of learner from true beginners through native speakers are welcome. Huan-gîng ta̍k-ke lâi tsò-hué o̍h Tâi-gí! (歡迎逐家來做伙學台語！),4563,Unknown,Yes,No,2025-07-02 08:55:38
shanghainese,https://www.reddit.com/r/shanghainese/,"Shanghainese (上海闲话) is a Chinese language spoken by around 14 million people in the city of Shanghai, China. It is part of Wu Chinese (吴语), a language group with nearly 80 million speakers mostly in Zhejiang, Shanghai and southern Jiangsu.",2295,Chinese,Yes,No,2025-06-25 10:43:49
shanghainese,https://www.reddit.com/r/shanghainese/,"Shanghainese (上海闲话) is a Chinese language spoken by around 14 million people in the city of Shanghai, China. It is part of Wu Chinese (吴语), a language group with nearly 80 million speakers mostly in Zhejiang, Shanghai and southern Jiangsu.",2295,Chinese,Yes,No,2025-06-25 10:43:49
LanguageTips2Mastery,https://www.reddit.com/r/LanguageTips2Mastery/,"Welcome to LanguageTips2Mastery – your go-to sub for mastering any language. Share tips, ask questions, and explore all languages with fellow enthusiasts. Whether you're tackling tricky grammar, seeking resources, or just want to chat, join us on the journey to fluency!",2095,Unknown,Yes,No,2025-06-30 19:53:20
LanguageTips2Mastery,https://www.reddit.com/r/LanguageTips2Mastery/,"Welcome to LanguageTips2Mastery – your go-to sub for mastering any language. Share tips, ask questions, and explore all languages with fellow enthusiasts. Whether you're tackling tricky grammar, seeking resources, or just want to chat, join us on the journey to fluency!",2095,Unknown,Yes,No,2025-06-30 19:53:20
LanguageTips2Mastery,https://www.reddit.com/r/LanguageTips2Mastery/,"Welcome to LanguageTips2Mastery – your go-to sub for mastering any language. Share tips, ask questions, and explore all languages with fellow enthusiasts. Whether you're tackling tricky grammar, seeking resources, or just want to chat, join us on the journey to fluency!",2095,Unknown,Yes,No,2025-06-30 19:53:20
LanguageTips2Mastery,https://www.reddit.com/r/LanguageTips2Mastery/,"Welcome to LanguageTips2Mastery – your go-to sub for mastering any language. Share tips, ask questions, and explore all languages with fellow enthusiasts. Whether you're tackling tricky grammar, seeking resources, or just want to chat, join us on the journey to fluency!",2095,Unknown,Yes,No,2025-06-30 19:53:20
LanguageTips2Mastery,https://www.reddit.com/r/LanguageTips2Mastery/,"Welcome to LanguageTips2Mastery – your go-to sub for mastering any language. Share tips, ask questions, and explore all languages with fellow enthusiasts. Whether you're tackling tricky grammar, seeking resources, or just want to chat, join us on the journey to fluency!",2095,Unknown,Yes,No,2025-06-30 19:53:20
LanguageTips2Mastery,https://www.reddit.com/r/LanguageTips2Mastery/,"Welcome to LanguageTips2Mastery – your go-to sub for mastering any language. Share tips, ask questions, and explore all languages with fellow enthusiasts. Whether you're tackling tricky grammar, seeking resources, or just want to chat, join us on the journey to fluency!",2095,Unknown,Yes,No,2025-06-30 19:53:20
LanguageTips2Mastery,https://www.reddit.com/r/LanguageTips2Mastery/,"Welcome to LanguageTips2Mastery – your go-to sub for mastering any language. Share tips, ask questions, and explore all languages with fellow enthusiasts. Whether you're tackling tricky grammar, seeking resources, or just want to chat, join us on the journey to fluency!",2095,Unknown,Yes,No,2025-06-30 19:53:20
LanguageTips2Mastery,https://www.reddit.com/r/LanguageTips2Mastery/,"Welcome to LanguageTips2Mastery – your go-to sub for mastering any language. Share tips, ask questions, and explore all languages with fellow enthusiasts. Whether you're tackling tricky grammar, seeking resources, or just want to chat, join us on the journey to fluency!",2095,Unknown,Yes,No,2025-06-30 19:53:20
LanguageTips2Mastery,https://www.reddit.com/r/LanguageTips2Mastery/,"Welcome to LanguageTips2Mastery – your go-to sub for mastering any language. Share tips, ask questions, and explore all languages with fellow enthusiasts. Whether you're tackling tricky grammar, seeking resources, or just want to chat, join us on the journey to fluency!",2095,Unknown,Yes,No,2025-06-30 19:53:20
hakka,https://www.reddit.com/r/hakka/,"Welcome to /r/hakka, a place to learn about the Hakka culture and language. This sub is for people to share resources or to otherwise just discuss Hakka-related topics.

Discussion on any topic about the Hakka people, culture or language is welcome.",1556,Unknown,No,No,2025-06-16 11:29:06
hakka,https://www.reddit.com/r/hakka/,"Welcome to /r/hakka, a place to learn about the Hakka culture and language. This sub is for people to share resources or to otherwise just discuss Hakka-related topics.

Discussion on any topic about the Hakka people, culture or language is welcome.",1556,Unknown,No,No,2025-06-16 11:29:06
mandarin,https://www.reddit.com/r/mandarin/,This is a community for people studying or teaching Mandarin Chinese - or even if you're just interested in the Mandarin Chinese language!,681,Multiple,No,No,2024-08-10 14:43:41
CantonesePlus,https://www.reddit.com/r/CantonesePlus/,Collaborative online Cantonese dictionary project - the place to discuss dictionary content.,243,Cantonese,No,No,2022-06-28 05:50:58
HongKongCinema,https://www.reddit.com/r/HongKongCinema/,"Dedicated to all things Hong Kong cinema related. 

Taiwanese, Chinese, Singaporean and all other Chinese language cinema discussions are welcome.",211,Chinese,No,No,2025-04-24 16:12:25
HongKongCinema,https://www.reddit.com/r/HongKongCinema/,"Dedicated to all things Hong Kong cinema related. 

Taiwanese, Chinese, Singaporean and all other Chinese language cinema discussions are welcome.",211,Chinese,No,No,2025-04-24 16:12:25
ChineseLanguageMemes,https://www.reddit.com/r/ChineseLanguageMemes/,Memes for Chinese language learners,134,Chinese,Yes,No,2023-11-27 16:46:00
LTL_School_Students,https://www.reddit.com/r/LTL_School_Students/,"Learning East Asian languages with LTL Language School: Mandarin, Japanese, Korean and Vietnamese www.ltl-school.com",17,Multiple,No,No,2025-01-28 08:55:45
LingoClass,https://www.reddit.com/r/LingoClass/,"Welcome to LingoClass – Your Hub for Asian Language & Culture!

LingoClass is the UK’s leading Asian language school, specializing in Mandarin, Cantonese, Japanese, and Korean, with a strong focus on adult learners. 

This community is for language enthusiasts to share experiences and discuss learning strategies. Whether you’re a beginner or advanced learner, join us to explore language tips, cultural insights, and discussions about Mandarin, Japanese, Korean, and Cantonese. 
LingoClass.co.uk",16,Multiple,No,No,2025-06-30 17:42:57
LanguageChinese,https://www.reddit.com/r/LanguageChinese/,"This is a platform dedicated to learning Chinese, exploring Chinese culture, and sharing experiences. Whether you're a beginner, looking to improve your Chinese, or interested in Chinese culture, this is the ideal place for you.",11,Chinese,Yes,No,2023-12-09 06:19:10
